filename,transcript
plate_0000.jpg,TN08ZV9395
plate_0001.jpg,MH23XA2711
plate_0002.jpg,GJ91LK6552
plate_0003.jpg,GJ60DN0401
plate_0004.jpg,MH05HB8721
plate_0005.jpg,MH52GI2895
plate_0006.jpg,DL88BA6449
plate_0007.jpg,GJ36EX6635
plate_0008.jpg,DL09BQ7267
plate_0009.jpg,DL98NF4548
plate_0010.jpg,TN39ED7919
plate_0011.jpg,GJ07JG9145
plate_0012.jpg,DL03VO3769
plate_0013.jpg,MH55TD2491
plate_0014.jpg,TN07XF1854
plate_0015.jpg,KA74IS5438
plate_0016.jpg,KA10PB0573
plate_0017.jpg,DL18OK7253
plate_0018.jpg,KA59DW7043
plate_0019.jpg,KA26WP9881
plate_0020.jpg,MH14QI6747
plate_0021.jpg,MH21JJ4226
plate_0022.jpg,MH06TB1483
plate_0023.jpg,MH73ZH5814
plate_0024.jpg,GJ50RR5253
plate_0025.jpg,MH76PM2401
plate_0026.jpg,TN96TV0985
plate_0027.jpg,DL66WL7308
plate_0028.jpg,TN18SJ6241
plate_0029.jpg,KA65LT2408
plate_0030.jpg,TN32NS5301
plate_0031.jpg,KA83YE9219
plate_0032.jpg,TN16DC6871
plate_0033.jpg,KA49AG4833
plate_0034.jpg,GJ98VK2130
plate_0035.jpg,KA18MQ6950
plate_0036.jpg,DL77TK0087
plate_0037.jpg,MH29CS1207
plate_0038.jpg,TN15TV1646
plate_0039.jpg,MH40CG5029
plate_0040.jpg,GJ24WL8881
plate_0041.jpg,GJ62WP2484
plate_0042.jpg,DL52AU1344
plate_0043.jpg,KA09KC5190
plate_0044.jpg,MH21ZY6607
plate_0045.jpg,KA84HM7896
plate_0046.jpg,GJ74IQ6389
plate_0047.jpg,DL10QH5177
plate_0048.jpg,GJ10CZ4215
plate_0049.jpg,GJ98LW6731
plate_0050.jpg,GJ63DH9338
plate_0051.jpg,KA34KD3788
plate_0052.jpg,TN47IS4548
plate_0053.jpg,MH57BY5579
plate_0054.jpg,DL02GA7117
plate_0055.jpg,GJ35BE4678
plate_0056.jpg,DL43IL1275
plate_0057.jpg,KA85MJ0849
plate_0058.jpg,GJ83UL1716
plate_0059.jpg,KA30VK2528
plate_0060.jpg,MH21XS1182
plate_0061.jpg,KA76AS1804
plate_0062.jpg,MH22TN5955
plate_0063.jpg,TN36DX7808
plate_0064.jpg,MH24WV6829
plate_0065.jpg,MH44YM9731
plate_0066.jpg,DL40ZO1792
plate_0067.jpg,TN75BB0131
plate_0068.jpg,GJ49EQ6158
plate_0069.jpg,MH20RF0162
plate_0070.jpg,DL44KQ1915
plate_0071.jpg,GJ44QJ8711
plate_0072.jpg,GJ25LJ1420
plate_0073.jpg,GJ61GL2559
plate_0074.jpg,TN43ZE8131
plate_0075.jpg,DL28YE3219
plate_0076.jpg,DL84OK8634
plate_0077.jpg,GJ73MC6945
plate_0078.jpg,TN62WK8498
plate_0079.jpg,GJ10WL7319
plate_0080.jpg,DL17GC6977
plate_0081.jpg,KA54LB0473
plate_0082.jpg,MH22IQ4277
plate_0083.jpg,KA76UO9672
plate_0084.jpg,DL70TU9377
plate_0085.jpg,GJ71SO7685
plate_0086.jpg,GJ35ZF3222
plate_0087.jpg,KA80ZF2432
plate_0088.jpg,MH87SL6881
plate_0089.jpg,DL44QJ3614
plate_0090.jpg,DL05IW4419
plate_0091.jpg,KA05IE3071
plate_0092.jpg,MH68TY9240
plate_0093.jpg,KA07XR9418
plate_0094.jpg,MH33LX5963
plate_0095.jpg,MH31AE1600
plate_0096.jpg,GJ36ZY6969
plate_0097.jpg,GJ97HE2761
plate_0098.jpg,TN27NX3130
plate_0099.jpg,TN27EN0022
plate_0100.jpg,DL19KW8205
plate_0101.jpg,GJ15BM3700
plate_0102.jpg,TN96TF9873
plate_0103.jpg,GJ73WL7967
plate_0104.jpg,GJ40DV6710
plate_0105.jpg,GJ12XM2644
plate_0106.jpg,TN47SR9011
plate_0107.jpg,MH54HF3952
plate_0108.jpg,TN19UJ1773
plate_0109.jpg,DL01HM7218
plate_0110.jpg,MH35OS7630
plate_0111.jpg,MH04TR1400
plate_0112.jpg,DL65FS9449
plate_0113.jpg,TN15OA6710
plate_0114.jpg,TN14HD8754
plate_0115.jpg,MH83KU2157
plate_0116.jpg,MH28WG7998
plate_0117.jpg,DL96FB8556
plate_0118.jpg,GJ43HK5944
plate_0119.jpg,KA75MI5057
plate_0120.jpg,MH80WG9802
plate_0121.jpg,KA87DG9937
plate_0122.jpg,TN49EY3174
plate_0123.jpg,MH08AU2640
plate_0124.jpg,TN40EC4390
plate_0125.jpg,KA43JH9947
plate_0126.jpg,DL42YV4627
plate_0127.jpg,DL75RH2358
plate_0128.jpg,KA97PX2806
plate_0129.jpg,KA89ZO4212
plate_0130.jpg,DL62KS8060
plate_0131.jpg,DL99LG3285
plate_0132.jpg,MH45EI3651
plate_0133.jpg,DL11EO9910
plate_0134.jpg,KA62HR3319
plate_0135.jpg,GJ94VV0257
plate_0136.jpg,DL28UI9035
plate_0137.jpg,GJ07FJ8458
plate_0138.jpg,MH07YY1053
plate_0139.jpg,KA80KU7703
plate_0140.jpg,KA10QG1775
plate_0141.jpg,GJ45BG6085
plate_0142.jpg,KA38UQ8350
plate_0143.jpg,KA65HK6450
plate_0144.jpg,KA29YT5297
plate_0145.jpg,KA90ZV7186
plate_0146.jpg,TN32PT0765
plate_0147.jpg,GJ75XK4649
plate_0148.jpg,KA37OB7341
plate_0149.jpg,GJ46NZ1233
plate_0150.jpg,TN01DN7704
plate_0151.jpg,GJ85QC8211
plate_0152.jpg,TN83KA4847
plate_0153.jpg,TN09OT2445
plate_0154.jpg,GJ97XD4325
plate_0155.jpg,DL19DA5756
plate_0156.jpg,KA67DK9315
plate_0157.jpg,GJ62AQ2263
plate_0158.jpg,DL58TG2884
plate_0159.jpg,MH56EV1893
plate_0160.jpg,TN06JB0803
plate_0161.jpg,GJ70JU7973
plate_0162.jpg,KA29CA0165
plate_0163.jpg,GJ35PA9073
plate_0164.jpg,KA95CN7229
plate_0165.jpg,DL48OK1533
plate_0166.jpg,MH49PX8768
plate_0167.jpg,DL69WI2714
plate_0168.jpg,KA45VR3254
plate_0169.jpg,GJ37DX2770
plate_0170.jpg,KA36XW8993
plate_0171.jpg,GJ38PQ0321
plate_0172.jpg,MH54UQ8595
plate_0173.jpg,TN12YP4999
plate_0174.jpg,MH46TF9823
plate_0175.jpg,KA62NO1923
plate_0176.jpg,TN99RK4624
plate_0177.jpg,MH24JE2656
plate_0178.jpg,GJ13VR5702
plate_0179.jpg,MH44SZ8521
plate_0180.jpg,GJ27WR5634
plate_0181.jpg,DL56MU0275
plate_0182.jpg,MH34MR4858
plate_0183.jpg,KA21CF3298
plate_0184.jpg,KA50FS0515
plate_0185.jpg,MH03DJ0771
plate_0186.jpg,TN39VF8465
plate_0187.jpg,MH66QD8265
plate_0188.jpg,TN36XS5255
plate_0189.jpg,TN86UC1966
plate_0190.jpg,MH60RC3112
plate_0191.jpg,DL57DT5510
plate_0192.jpg,KA35TH3522
plate_0193.jpg,TN17YI3465
plate_0194.jpg,GJ32IA0375
plate_0195.jpg,DL71JF1578
plate_0196.jpg,MH96MV1799
plate_0197.jpg,MH12UM6034
plate_0198.jpg,DL03BT6847
plate_0199.jpg,GJ63BW3609
plate_0200.jpg,KA72MA2396
plate_0201.jpg,GJ12AZ5715
plate_0202.jpg,DL50MO3389
plate_0203.jpg,GJ33AH5054
plate_0204.jpg,TN91AL6178
plate_0205.jpg,GJ62XG3252
plate_0206.jpg,KA84TA8256
plate_0207.jpg,TN17AJ2172
plate_0208.jpg,TN16ZU7164
plate_0209.jpg,MH96OT1998
plate_0210.jpg,DL67TU1553
plate_0211.jpg,KA86LF2840
plate_0212.jpg,TN65XZ5414
plate_0213.jpg,MH46GB9904
plate_0214.jpg,DL57HY4406
plate_0215.jpg,DL08LL8089
plate_0216.jpg,TN92OU1814
plate_0217.jpg,MH52LT7998
plate_0218.jpg,KA60VP0294
plate_0219.jpg,DL84IQ7210
plate_0220.jpg,KA20XS9638
plate_0221.jpg,TN08AH8614
plate_0222.jpg,MH43RJ6643
plate_0223.jpg,GJ32VP0068
plate_0224.jpg,MH72CF2527
plate_0225.jpg,DL25YO4932
plate_0226.jpg,TN81QP6856
plate_0227.jpg,KA58LY2920
plate_0228.jpg,DL14OZ0717
plate_0229.jpg,DL25GL8471
plate_0230.jpg,GJ36GN4473
plate_0231.jpg,DL75EI3865
plate_0232.jpg,KA69YR2427
plate_0233.jpg,GJ51RM9087
plate_0234.jpg,GJ96SB3198
plate_0235.jpg,TN58MT8158
plate_0236.jpg,KA31IU1912
plate_0237.jpg,KA14QG4646
plate_0238.jpg,KA56KB5882
plate_0239.jpg,DL49HK1242
plate_0240.jpg,MH13ZC7661
plate_0241.jpg,GJ60XV8697
plate_0242.jpg,DL62ZI3047
plate_0243.jpg,KA16TE8954
plate_0244.jpg,MH01YK6919
plate_0245.jpg,GJ33UU6349
plate_0246.jpg,MH94UU5578
plate_0247.jpg,DL91PP0590
plate_0248.jpg,TN97PG8552
plate_0249.jpg,DL26DE2200
plate_0250.jpg,MH75PY5197
plate_0251.jpg,DL57IJ1911
plate_0252.jpg,KA10PI7792
plate_0253.jpg,DL43TE0261
plate_0254.jpg,KA47PM1644
plate_0255.jpg,GJ95AC0663
plate_0256.jpg,TN71LC9984
plate_0257.jpg,KA61HS2828
plate_0258.jpg,MH09QT0468
plate_0259.jpg,GJ77BO1493
plate_0260.jpg,KA33BZ7568
plate_0261.jpg,TN90VN1484
plate_0262.jpg,MH86NS1608
plate_0263.jpg,MH03YE6846
plate_0264.jpg,GJ13GY5268
plate_0265.jpg,TN34PU0573
plate_0266.jpg,GJ55UX0335
plate_0267.jpg,MH24BJ9062
plate_0268.jpg,GJ20NH0114
plate_0269.jpg,MH18OC2096
plate_0270.jpg,GJ18IQ5262
plate_0271.jpg,TN58BQ7858
plate_0272.jpg,MH55JH5967
plate_0273.jpg,KA34WI4410
plate_0274.jpg,MH44BB1366
plate_0275.jpg,DL38OH9058
plate_0276.jpg,MH96IK4698
plate_0277.jpg,GJ27RQ5870
plate_0278.jpg,KA50FX1973
plate_0279.jpg,MH85RF8073
plate_0280.jpg,MH91QO1151
plate_0281.jpg,GJ88AN7846
plate_0282.jpg,MH30KT8360
plate_0283.jpg,MH21YZ7663
plate_0284.jpg,TN56ZS8880
plate_0285.jpg,GJ56FZ8917
plate_0286.jpg,KA63AL2375
plate_0287.jpg,GJ60GJ2838
plate_0288.jpg,DL22QZ9324
plate_0289.jpg,DL12HI6511
plate_0290.jpg,TN12OA2772
plate_0291.jpg,MH19VI7207
plate_0292.jpg,DL68GK9792
plate_0293.jpg,MH03VW6940
plate_0294.jpg,KA26IC7819
plate_0295.jpg,GJ46PP2734
plate_0296.jpg,GJ76VC4597
plate_0297.jpg,KA19FV6503
plate_0298.jpg,KA04HT8553
plate_0299.jpg,DL03ZU7808
plate_0300.jpg,KA50LG8924
plate_0301.jpg,TN54IJ7047
plate_0302.jpg,TN61WR4777
plate_0303.jpg,DL07VW6534
plate_0304.jpg,TN89TF6907
plate_0305.jpg,DL88RZ1381
plate_0306.jpg,GJ60QL0673
plate_0307.jpg,MH43EM7679
plate_0308.jpg,TN35WR1245
plate_0309.jpg,MH75WS6764
plate_0310.jpg,TN79JV3436
plate_0311.jpg,KA05SQ7786
plate_0312.jpg,TN16OA5004
plate_0313.jpg,TN22JF9910
plate_0314.jpg,DL02YU6495
plate_0315.jpg,DL74ZK8491
plate_0316.jpg,GJ98OJ9293
plate_0317.jpg,DL94FC2573
plate_0318.jpg,KA85BR0451
plate_0319.jpg,DL08VO0754
plate_0320.jpg,DL73VU9301
plate_0321.jpg,GJ55RZ8239
plate_0322.jpg,TN68YL1152
plate_0323.jpg,MH59SQ7478
plate_0324.jpg,DL03BY9187
plate_0325.jpg,MH17II4896
plate_0326.jpg,MH71QL8086
plate_0327.jpg,DL24UK4900
plate_0328.jpg,TN39FZ2442
plate_0329.jpg,KA35IT6414
plate_0330.jpg,TN84UW4145
plate_0331.jpg,KA20FN5807
plate_0332.jpg,MH64DY2295
plate_0333.jpg,DL47WB9009
plate_0334.jpg,DL49QX7509
plate_0335.jpg,GJ10CX8170
plate_0336.jpg,MH42KY6227
plate_0337.jpg,KA48YT8801
plate_0338.jpg,DL92QB6499
plate_0339.jpg,MH18RB0894
plate_0340.jpg,TN56RR5396
plate_0341.jpg,TN96IH7371
plate_0342.jpg,DL20XK2771
plate_0343.jpg,TN12TJ0428
plate_0344.jpg,KA74FE7215
plate_0345.jpg,KA66SI0630
plate_0346.jpg,GJ89LJ5424
plate_0347.jpg,MH78PJ9905
plate_0348.jpg,TN16BC9679
plate_0349.jpg,GJ62QD2521
plate_0350.jpg,KA65UW6441
plate_0351.jpg,DL02TS6073
plate_0352.jpg,GJ92HY3508
plate_0353.jpg,MH33BK6467
plate_0354.jpg,KA41JD6905
plate_0355.jpg,MH19UH5855
plate_0356.jpg,MH36SX2200
plate_0357.jpg,KA47PA6698
plate_0358.jpg,DL21XJ9785
plate_0359.jpg,KA79RM4823
plate_0360.jpg,GJ01FL1004
plate_0361.jpg,MH04LO5930
plate_0362.jpg,MH52XY9196
plate_0363.jpg,KA85TJ9554
plate_0364.jpg,DL25FD7788
plate_0365.jpg,MH74BW0443
plate_0366.jpg,MH71WE9434
plate_0367.jpg,DL28VB1872
plate_0368.jpg,GJ10BC1334
plate_0369.jpg,KA45AL8520
plate_0370.jpg,GJ78UB4660
plate_0371.jpg,KA33BA3617
plate_0372.jpg,KA94RB2540
plate_0373.jpg,DL73NG7945
plate_0374.jpg,MH78HJ6641
plate_0375.jpg,DL95FO1164
plate_0376.jpg,KA84OX1853
plate_0377.jpg,TN15XU3494
plate_0378.jpg,GJ11PP7355
plate_0379.jpg,DL82RN5596
plate_0380.jpg,MH88RC0312
plate_0381.jpg,DL97VJ9416
plate_0382.jpg,DL06OP1552
plate_0383.jpg,MH38XS8886
plate_0384.jpg,TN28ET5665
plate_0385.jpg,TN86UW2349
plate_0386.jpg,KA40EY6720
plate_0387.jpg,GJ26YX4137
plate_0388.jpg,GJ54SL8406
plate_0389.jpg,DL02QY6969
plate_0390.jpg,KA50KQ4479
plate_0391.jpg,KA20CV8041
plate_0392.jpg,TN85ZE7154
plate_0393.jpg,GJ50UA0489
plate_0394.jpg,TN60FS3051
plate_0395.jpg,GJ56WG7748
plate_0396.jpg,MH97ON5818
plate_0397.jpg,KA67VS9824
plate_0398.jpg,KA40UH7631
plate_0399.jpg,GJ80BS6796
plate_0400.jpg,MH31AM7997
plate_0401.jpg,GJ54SA3270
plate_0402.jpg,MH80HK4922
plate_0403.jpg,TN79ST6878
plate_0404.jpg,KA13VD3429
plate_0405.jpg,KA11WV8207
plate_0406.jpg,DL97QW0109
plate_0407.jpg,DL68WD9977
plate_0408.jpg,GJ30OZ1203
plate_0409.jpg,KA41FU6464
plate_0410.jpg,KA49IK5968
plate_0411.jpg,KA70AK6352
plate_0412.jpg,TN82KL7626
plate_0413.jpg,TN27XD3594
plate_0414.jpg,MH24TB1399
plate_0415.jpg,GJ02OO5370
plate_0416.jpg,KA52BC7404
plate_0417.jpg,GJ04LZ5227
plate_0418.jpg,MH42PE4279
plate_0419.jpg,TN17EJ9706
plate_0420.jpg,MH46HR1468
plate_0421.jpg,TN07FA0118
plate_0422.jpg,TN69LL9864
plate_0423.jpg,DL96CZ5124
plate_0424.jpg,DL49VL0936
plate_0425.jpg,MH05AP1363
plate_0426.jpg,KA16TA5113
plate_0427.jpg,GJ38GG4324
plate_0428.jpg,GJ74BD2557
plate_0429.jpg,KA55EU5107
plate_0430.jpg,DL01BQ3531
plate_0431.jpg,TN49RH8227
plate_0432.jpg,TN93EC3345
plate_0433.jpg,TN20AV3287
plate_0434.jpg,MH95YX6031
plate_0435.jpg,DL57TM0132
plate_0436.jpg,TN60HJ8364
plate_0437.jpg,TN28MW8039
plate_0438.jpg,GJ80AM0417
plate_0439.jpg,MH71GS3423
plate_0440.jpg,GJ37WL7182
plate_0441.jpg,GJ99EC4321
plate_0442.jpg,MH87WU1839
plate_0443.jpg,KA02KL6395
plate_0444.jpg,MH02QO1843
plate_0445.jpg,DL89TI8415
plate_0446.jpg,GJ66VT4877
plate_0447.jpg,MH71HT9186
plate_0448.jpg,MH75EQ8058
plate_0449.jpg,KA07SQ7802
plate_0450.jpg,TN32YA3065
plate_0451.jpg,MH53OG3032
plate_0452.jpg,DL66JP8529
plate_0453.jpg,GJ53FW5391
plate_0454.jpg,TN02SM2617
plate_0455.jpg,KA84IS8801
plate_0456.jpg,DL56MN9492
plate_0457.jpg,GJ23GA2633
plate_0458.jpg,TN15ZC2256
plate_0459.jpg,KA50EK3122
plate_0460.jpg,GJ74UZ6933
plate_0461.jpg,MH79ZD9458
plate_0462.jpg,MH30LB3864
plate_0463.jpg,DL90ZF7538
plate_0464.jpg,KA55ZZ9470
plate_0465.jpg,MH95LB2871
plate_0466.jpg,DL93HZ2438
plate_0467.jpg,KA18FB5915
plate_0468.jpg,KA38SZ2101
plate_0469.jpg,DL81VE9778
plate_0470.jpg,MH06CH3815
plate_0471.jpg,KA74AL4278
plate_0472.jpg,DL28SI4749
plate_0473.jpg,GJ64PC0139
plate_0474.jpg,DL30AO9488
plate_0475.jpg,KA85ZR1269
plate_0476.jpg,GJ90LI4840
plate_0477.jpg,DL36TC1679
plate_0478.jpg,TN50PT9345
plate_0479.jpg,MH69DO1342
plate_0480.jpg,MH54JK3315
plate_0481.jpg,GJ03WR3158
plate_0482.jpg,MH14VO3971
plate_0483.jpg,DL78DO6302
plate_0484.jpg,MH59MH2719
plate_0485.jpg,TN75OC2134
plate_0486.jpg,MH41VO4908
plate_0487.jpg,GJ10MC4685
plate_0488.jpg,TN23MM9713
plate_0489.jpg,GJ44NY5182
plate_0490.jpg,DL32XB8615
plate_0491.jpg,MH46YE4181
plate_0492.jpg,MH57JZ5596
plate_0493.jpg,GJ65IZ4009
plate_0494.jpg,KA89NO9918
plate_0495.jpg,DL64GI8209
plate_0496.jpg,MH72AW6337
plate_0497.jpg,DL12BI0744
plate_0498.jpg,GJ97ZP8903
plate_0499.jpg,GJ35OY7687
